area_sqft,bedrooms,bathrooms,age_years,distance_city_km,school_rating,crime_index,parking_spaces,garden_sqft,random_noise_1,random_noise_2,sale_price
858,1,4,26,3.11,8,6.76,2,118,1.286842262645503,2,361017.76
2844,4,3,13,16.58,7,2.81,2,20,-1.9097629057462808,48,720717.59
2498,5,3,11,5.39,10,8.99,3,376,-1.2794967959138979,84,733855.88
1872,5,4,16,6.18,10,8.31,3,409,-1.0320322451615775,34,602266.65
1855,2,1,29,22.5,8,4.15,0,463,-0.06331985971095996,7,431711.05
3089,3,4,12,14.36,4,6.21,1,570,-0.36571678564620924,23,686025.64
849,3,4,45,32.34,6,2.27,1,298,1.3991363816960873,50,259280.24
2622,2,3,23,11.85,5,9.75,2,497,0.9543483290916974,19,551996.52
1184,2,3,43,25.69,7,9.13,1,429,0.49527294606859795,97,301708.32
873,2,3,34,16.68,9,9.3,3,166,0.14563031434388482,76,326808.51
2126,5,2,16,23.44,4,3.99,1,507,0.3932297769848273,35,526776.83
3429,4,4,11,21.39,6,2.52,2,31,-0.861982355313375,95,828446.44
2733,5,1,37,17.07,1,2.91,0,359,0.8572103535566122,33,563576.93
2807,5,2,16,33.3,8,1.81,3,564,-1.112044254359201,14,731638.16
2680,5,3,12,12.65,5,2.08,3,395,0.8353769939022309,93,721522.0
2879,1,4,46,7.03,5,1.64,3,562,1.186142502118831,96,657865.57
2088,5,2,24,24.06,6,9.91,1,33,0.2108646020880872,31,500500.82
971,1,2,2,29.76,3,1.67,0,319,-0.17621305896197587,59,196560.52
3035,3,1,24,2.37,6,2.19,2,468,0.4003099083096733,18,735167.12
1906,3,1,23,16.29,8,8.45,1,385,-2.861518370100673,64,409502.23
2051,2,1,43,31.34,4,6.22,3,528,0.30225821848546125,69,370850.76
1675,1,1,35,26.49,2,7.97,2,277,-0.11335399783980703,71,281900.67
1129,1,4,9,34.72,4,6.68,2,409,-0.05062811305699102,57,250718.63
3287,5,4,7,19.07,2,8.94,3,251,0.7065325128978275,70,771611.98
2866,2,4,30,23.44,4,6.75,3,523,-0.07476892156472781,55,571213.45
2467,2,1,2,11.28,7,5.7,1,71,-1.140206856651158,82,580640.11
1767,5,1,15,33.22,2,7.41,0,152,-0.14140267082537805,18,316345.0
2986,1,2,6,13.46,8,5.03,0,58,0.06755548408082447,48,655901.86
2181,5,3,1,26.11,3,4.11,1,421,0.11493391158101274,42,565362.29
1885,5,2,45,14.71,9,5.21,2,139,0.16191936728506806,53,542138.52
1906,3,2,4,20.1,8,2.53,0,190,1.0393690449185533,15,485123.97
1258,1,1,0,25.47,3,8.17,0,501,-1.0860345530341475,33,171901.27
867,1,3,46,18.3,6,3.35,2,216,0.17570045616484992,95,201722.9
2208,2,2,9,31.84,2,2.38,3,87,1.289929698618241,11,452110.31
3174,3,1,40,15.26,1,3.22,0,12,-1.7346114969371953,63,649671.36
785,1,3,1,23.0,10,8.58,2,136,0.17964668078005355,66,301073.46
3089,3,4,7,12.64,9,3.97,0,548,-0.5853785019730434,47,749826.37
3000,1,1,5,14.88,2,7.17,2,329,-0.37071038447310495,4,591864.9
1402,3,2,35,15.96,3,8.71,3,596,-0.904807503214422,4,330672.01
2431,1,4,31,5.28,2,1.7,3,129,-0.16955071570044408,28,525515.5
1079,4,3,23,4.12,4,7.89,2,210,1.8412556144269043,11,350129.96
2798,1,4,12,23.69,3,3.77,2,97,-1.2644303611772136,10,603947.06
2631,1,2,4,23.29,4,2.95,3,239,-1.1696100024788274,16,565343.84
1628,1,2,28,23.54,6,7.2,2,337,-1.3019345701635046,19,292566.62
796,5,3,11,1.67,2,9.19,1,484,1.727418286628101,84,326601.55
3415,1,1,29,12.1,9,3.66,3,220,-0.46233970552128695,64,693812.49
1892,3,1,34,7.73,8,6.12,2,462,-0.025639060347674214,4,486598.45
3190,3,3,42,27.46,8,3.61,3,375,-0.4027829411062397,63,740148.92
2565,3,3,24,30.26,2,5.99,2,175,-0.9444228784030915,14,496639.86
2857,4,1,0,9.39,8,6.6,3,547,-0.2351506466144354,42,717085.56
2803,5,3,14,23.71,9,6.49,0,260,2.45824360573656,4,726698.66
1164,2,2,42,5.4,2,6.61,0,90,1.392070920974255,9,270178.8
1655,5,3,26,10.36,8,2.22,0,577,-0.8529378177922723,14,591134.99
1953,2,4,30,5.71,4,7.24,2,548,0.6475741030616857,43,500829.56
2043,5,1,22,10.64,8,7.07,2,29,-0.8315227726663764,46,586852.37
727,3,4,8,23.94,5,7.14,0,541,-1.7763676388462208,35,265024.71
2185,4,2,44,31.95,9,1.67,0,568,1.0195109176646295,62,539099.22
1047,5,4,38,7.89,2,5.02,3,497,1.1600928466435507,72,374266.72
2755,4,2,49,19.43,4,4.68,3,152,1.0460522510478993,73,585867.51
2580,5,2,42,24.85,3,1.78,2,378,-0.46986524921957273,58,552231.79
3275,3,4,14,33.4,3,3.0,1,322,-0.16677573400198623,55,654781.21
2759,1,3,12,21.74,4,4.97,1,372,0.7497655536581233,49,550813.64
1663,3,1,12,9.67,4,7.69,0,369,0.3914960373481072,24,391349.3
3405,1,3,45,22.27,2,3.13,0,383,-0.3936374712970443,49,650401.31
1791,5,4,27,11.9,8,8.47,3,308,-1.6190718201181646,1,554751.07
1544,2,2,22,34.19,6,5.91,1,414,0.11387519414201226,96,335719.91
3226,2,4,48,14.59,9,7.84,2,315,1.0790096392361133,37,744217.89
1674,2,3,30,24.3,8,5.25,2,9,-1.1975882890341571,75,407341.83
821,4,2,45,1.79,2,5.49,1,21,0.638759381675977,95,274224.26
1961,3,1,49,14.6,1,6.58,0,574,0.33154169513369264,50,341659.8
2907,5,3,3,30.75,5,9.35,2,545,0.7501482632323336,86,680478.4
1149,3,1,18,21.75,5,5.43,0,351,0.8719754997190072,48,293333.08
1942,2,4,36,16.09,3,5.76,1,104,-0.694465241925353,14,390690.91
976,1,3,40,32.82,8,6.42,3,468,-1.616959400164946,3,226684.12
2590,1,2,7,30.04,6,7.64,2,85,-0.5335195256828793,14,535122.8
1979,2,1,15,11.96,8,1.65,3,226,0.8891273175270074,94,530691.22
1557,5,3,27,19.51,2,5.64,0,197,-0.542003903525971,48,399371.88
1258,3,1,39,17.65,9,5.33,0,7,-0.6940433238576419,32,352625.97
2237,5,2,5,22.49,3,9.3,1,484,-1.8213503419246384,45,474137.43
2542,1,4,30,12.36,5,5.44,1,305,1.752647554550939,26,569767.7
3326,1,4,14,9.3,5,5.21,0,189,0.8257136414253099,87,686862.12
1867,5,4,10,32.03,9,9.66,3,304,0.7698959812747644,99,507022.4
1065,1,4,25,32.41,3,5.06,0,0,0.9677253867794737,9,218618.07
3014,1,3,20,29.67,3,2.63,2,262,0.5767083615434017,72,588067.91
2426,3,1,31,34.26,4,2.95,2,311,-0.24432885517952907,34,462140.05
2630,5,4,15,26.33,4,1.86,2,203,-0.16376410412220166,5,677102.53
881,4,4,41,27.0,2,1.01,0,498,-0.4275643645921248,92,260263.69
1505,1,4,3,26.93,2,4.89,1,149,2.634740754415,7,313137.46
2826,5,3,43,17.34,3,7.92,2,82,0.5559120312994426,21,627514.46
3013,5,1,1,16.52,5,7.6,1,316,-0.46380044135143456,3,670527.81
1862,5,3,36,9.17,4,1.29,2,532,0.4654967741662798,47,554647.41
2933,5,2,17,22.92,4,6.13,0,225,-1.0108689178563175,60,634043.3
3040,2,4,19,10.84,8,2.39,0,27,1.504506718589227,32,709633.92
1723,5,2,0,9.77,3,9.47,2,581,-0.6610690958071401,8,441675.61
3204,2,2,35,20.92,10,2.51,2,266,0.5010854326224657,12,771307.16
1436,5,1,8,14.94,8,6.64,0,103,1.0659776297431345,93,452684.08
1294,3,4,32,8.44,2,3.94,3,369,0.3847685442049928,80,346858.29
2579,4,4,36,28.75,4,6.77,0,191,0.09446999181963821,93,501248.14
2446,4,1,42,30.26,2,4.71,3,562,0.010802084856015158,53,462519.9
1005,4,2,35,6.7,3,7.84,2,176,-0.056441096887107134,55,328031.66
3014,4,2,15,1.26,4,3.08,3,330,-0.5766984889275022,78,754681.05
1179,4,2,36,12.43,2,9.15,3,325,-0.44948342976970423,62,314739.99
2934,4,4,41,28.12,1,5.5,1,145,1.479590373650935,44,584538.27
621,1,1,15,29.53,5,7.8,3,299,-0.10853663268515668,29,119594.26
2910,5,2,6,5.7,8,8.65,0,65,-0.7857962693827731,49,709186.99
2882,3,1,44,27.33,4,9.99,1,386,-0.5162975968615086,7,514465.07
2863,2,1,7,4.93,9,3.02,0,454,1.100370680697223,20,703579.7
2528,3,4,29,14.26,4,3.58,1,570,0.6756066331644784,74,626527.31
1967,5,4,11,34.95,10,3.25,3,195,0.5603291782322569,86,579270.75
2644,5,1,6,7.55,3,3.37,1,171,-0.25752119890979147,11,660443.23
1403,5,3,38,6.23,6,6.24,0,329,0.5733624701729451,10,454723.07
2864,3,1,7,15.38,8,9.94,1,415,-0.643561124950648,9,626959.17
2211,4,1,33,22.07,1,9.91,3,595,-0.25961403134577454,79,412198.63
1930,2,2,34,32.72,10,5.74,2,15,0.9698044873917454,31,423940.07
2066,4,1,3,34.35,4,6.75,2,142,0.8742776789190644,33,410782.51
2249,4,2,8,3.37,5,8.74,1,157,-0.9819098459508032,2,609786.08
708,2,4,39,5.69,7,9.4,1,153,-0.8555264529085758,97,281184.82
1005,2,3,25,27.89,7,2.83,2,278,0.10870215281340967,43,278129.38
1311,1,3,6,10.2,1,5.76,2,523,1.7261323746695099,79,318727.11
932,1,2,49,31.08,9,8.5,3,18,-1.9155651644689942,71,163329.03
1874,3,1,13,23.56,7,3.73,2,489,0.27833293957050426,15,436940.88
2538,3,1,0,4.8,10,4.96,3,370,-1.3760433315731482,80,729685.24
2497,1,2,46,29.31,5,9.87,3,369,-0.6343309935255456,55,366670.51
1966,3,1,0,7.0,7,9.87,0,406,-0.3644284180642414,60,509593.4
3079,4,4,27,15.4,5,9.15,1,69,-0.4205083434368909,20,679079.94
2239,2,4,49,19.77,9,8.19,1,448,-0.5337959396592085,84,506402.33
829,2,4,28,18.03,9,3.42,0,148,0.007207060376370152,93,331754.78
2818,2,3,29,24.33,10,3.89,0,309,-0.5352555666305784,41,664512.97
2266,3,3,19,23.19,6,5.93,3,406,-1.4624573848541527,10,518758.42
2440,2,3,6,34.73,8,6.05,1,362,0.7798696125227764,85,551282.14
2239,4,2,28,34.98,4,5.55,0,193,0.7528721671488805,88,444190.26
2205,2,3,44,18.56,5,6.73,1,237,0.843174310022669,51,421012.63
862,3,4,4,4.24,8,4.67,1,285,-1.5407344962640819,58,408663.14
2221,2,4,44,25.75,1,7.74,0,24,0.29891815258415083,23,408014.98
2905,1,3,20,34.21,8,4.0,0,435,0.6759788558069234,7,631299.87
1481,4,1,26,11.82,1,3.98,3,59,-1.031202068439585,94,379831.71
2348,2,3,8,16.68,6,2.15,3,275,0.009173248182129144,48,567851.41
689,2,2,31,15.44,5,2.7,1,392,-0.11626664531036575,28,238449.17
1607,4,3,9,2.75,5,8.65,2,48,1.8421506585682637,69,500832.52
1866,5,3,13,23.86,5,5.02,3,597,1.924496037012573,3,536896.7
3449,4,4,36,13.01,5,3.05,3,226,-1.6643563933302008,8,839970.86
1222,5,2,2,27.77,5,7.83,0,9,2.4939270057279894,25,340084.58
1401,5,4,22,29.29,5,5.99,3,395,-0.9152257211533239,45,410284.69
1784,3,4,29,28.92,6,1.19,0,334,0.9806732943274258,37,444188.81
3478,4,2,6,15.17,8,3.85,0,384,0.9704979808637308,19,786254.61
3074,2,2,14,11.93,6,2.59,1,450,-0.9956902268418067,35,712346.04
700,3,3,17,26.46,7,6.9,2,285,0.493267793839099,34,249961.32
1278,3,4,33,28.25,9,3.48,0,496,-0.10753374426606396,52,403136.4
2982,5,3,48,17.7,10,1.58,1,222,0.5543300046323907,56,748215.41
769,5,4,41,31.36,2,1.49,1,327,0.2306723023806257,88,268099.42
3081,3,2,9,5.89,8,6.24,1,95,1.196339485370247,80,799508.63
1416,4,3,0,30.89,3,1.2,3,371,0.07539954314606226,29,409378.25
3261,2,2,2,4.27,2,8.64,1,156,-0.16787406942631122,90,663205.37
1451,5,4,29,6.22,8,2.4,0,418,1.0960642330571804,52,554751.06
1859,3,2,7,19.15,1,6.46,0,480,0.5803959648586033,19,432623.43
2519,3,3,11,3.3,9,5.0,0,515,0.7318133943208879,34,669258.81
966,4,1,42,2.8,8,4.99,0,557,-0.6645866722585968,74,360534.17
2215,4,4,43,1.02,10,1.65,2,73,-1.045262781398474,82,685564.56
2064,1,2,41,15.83,7,8.22,1,82,-0.5677221432527015,38,396243.88
2873,2,2,12,27.34,9,9.04,1,555,-0.6208213856805886,16,600110.24
3488,1,3,30,2.18,2,1.1,3,228,0.7861992686529143,19,788729.08
2526,4,2,30,23.18,9,2.61,2,15,0.9759840502940518,11,685264.77
1786,1,4,9,28.99,2,9.14,0,172,-0.15513028953240038,70,315222.55
1778,2,3,27,6.71,4,5.95,1,501,1.4309190188243524,50,424202.13
1812,3,3,26,5.99,2,2.35,1,212,1.3684693937651298,45,531707.47
2960,4,1,19,30.27,5,2.83,3,46,0.24339891640053923,67,627448.14
1531,3,1,37,28.99,8,6.94,1,433,-0.82189177154304,83,320172.6
1084,5,2,33,19.32,3,7.52,0,116,1.5753766494355401,79,230238.42
1569,5,4,26,28.85,9,6.39,2,211,-0.06101735102840823,14,517169.29
665,1,4,36,4.15,7,9.58,1,2,0.1261651964309746,59,251985.14
907,5,3,38,14.41,7,5.45,0,361,-0.33960502560656863,88,409952.14
861,4,3,28,26.09,10,3.7,2,267,-0.8897903262971976,77,323230.92
2837,4,2,13,9.75,5,5.3,0,520,-1.4686394303152919,33,711929.27
2694,1,1,37,26.58,4,4.24,3,200,0.6328683235572881,39,483483.39
2620,4,1,35,18.14,10,3.02,3,122,-0.7834010538966204,89,689546.51
1939,4,2,49,26.51,6,1.41,1,99,3.0595312289968235,4,421738.57
2679,3,2,7,16.8,7,4.17,2,120,-1.086073582612479,53,688632.05
1067,1,1,20,13.51,3,7.4,2,270,-1.25738247498137,12,226077.92
3211,3,2,46,8.45,3,1.17,2,52,0.5101387156134412,89,699326.25
2053,5,1,25,8.08,2,4.95,0,241,1.5293134789672953,4,506729.82
3320,4,3,47,26.55,3,6.8,1,512,0.06458965694322165,3,627081.62
1041,1,4,0,5.04,2,6.49,0,460,0.5722424201872743,33,277364.0
2042,5,3,1,3.92,8,7.99,2,382,-1.8435474174587096,20,628727.88
2619,5,2,39,6.99,1,8.29,0,535,-0.6775115456917667,50,510646.8
2037,1,2,17,6.96,7,7.41,2,468,-1.073615729137567,30,505369.96
1893,5,2,26,28.99,10,1.93,2,391,-1.895045849947881,36,590186.84
1082,3,1,21,14.55,8,5.28,3,517,0.11698023402388695,56,335785.4
1704,3,3,20,34.67,5,6.43,1,74,-2.2428276216104335,56,369098.08
1292,3,3,46,5.67,1,3.21,0,490,-1.3221959660874487,93,320866.49
1474,4,1,4,23.22,9,1.38,2,177,-0.537193794013418,48,485160.85
2582,5,2,38,16.26,1,3.01,0,439,-0.8312858359510763,56,549738.57
2427,4,2,44,14.36,7,5.09,0,547,0.3964085022070677,68,556468.37
2360,5,1,32,30.75,7,4.73,3,297,0.30558019190248,18,578070.87
1649,5,3,19,34.17,2,2.59,3,53,0.8937987459354568,67,408154.24
3383,1,3,8,30.68,8,8.42,2,222,0.7523837327126781,86,724396.72
854,2,3,34,7.54,2,9.33,3,244,1.1408127893613809,32,209645.75
1593,4,3,23,8.51,3,2.81,0,562,-0.0019184000090541567,18,433657.05
942,3,4,7,23.31,9,9.37,0,565,0.3034669008166697,35,355698.52
1582,1,4,17,10.83,10,1.16,1,341,0.5115137019191913,28,529877.0
3389,1,3,48,25.98,3,9.32,0,570,0.1416566973910257,58,573621.82
1662,3,4,13,20.26,10,9.57,3,261,-0.3971943099170739,86,517417.02
3234,4,2,8,19.73,10,1.11,0,246,-0.3324425343397702,60,806107.09
2035,1,4,34,29.17,8,7.87,2,501,-0.8175583983299655,13,428405.67
2629,1,4,9,25.16,2,9.73,3,400,0.4216168299098296,32,483303.75
1926,1,3,45,1.9,3,9.15,2,313,-0.09401517408515554,69,360167.34
1371,3,4,42,2.68,7,9.74,0,274,-0.6631737506367649,33,391038.25
2816,1,3,49,21.45,10,5.95,1,423,-0.6622448193245927,59,633940.49
3410,3,3,45,17.53,9,1.7,2,452,-1.2103987277827886,69,813502.45
1364,3,2,12,9.85,5,8.65,3,294,0.9788413412371997,33,340671.47
2858,3,4,10,15.23,3,6.52,1,18,0.07861766953178756,65,597775.01
1357,4,3,17,26.77,10,6.53,1,61,-0.8628000195732701,40,464746.4
2678,3,4,23,29.1,3,4.76,3,86,0.8085477496020183,14,568524.02
2888,4,2,43,20.08,4,6.15,3,277,-0.560448809794373,37,592748.74
1903,4,4,36,14.1,10,2.38,1,368,-1.4065006270122327,44,595136.21
2737,5,1,32,10.2,6,7.66,0,482,1.021222289219133,1,595471.31
1389,4,1,43,18.75,3,1.68,2,139,-0.5370969895661131,89,378920.38
829,3,3,32,11.7,1,7.57,3,471,-0.4088990902087895,53,211565.68
879,3,3,18,20.18,5,8.64,3,399,0.04118002034917748,4,297203.04
1896,2,4,20,24.01,10,5.25,1,30,1.1425892227901149,86,506646.29
3217,3,2,25,3.25,5,5.59,0,210,0.020037290866311695,85,756633.3
969,1,3,4,1.04,7,3.81,2,181,-1.1991171261452302,2,381279.36
1921,5,3,37,8.22,3,9.73,3,531,0.5438770041121802,17,504742.82
2641,5,4,32,31.41,8,7.6,3,552,-0.48498972426172404,37,663246.33
1186,1,3,36,22.97,8,4.32,0,491,1.8879239715294662,51,313479.28
2692,4,2,26,6.85,7,2.57,1,316,-0.0011197219978901704,72,709745.36
1487,1,4,39,31.27,8,2.98,1,295,-2.235035497898666,43,348313.73
2945,4,1,47,16.98,6,5.18,0,186,0.357364972155674,61,669767.87
2279,1,4,28,17.19,4,9.48,3,463,1.9445977922602284,2,438017.58
2186,3,1,22,32.81,8,7.61,0,51,1.5759202885453896,66,439474.69
1112,4,2,5,3.02,9,2.94,2,162,1.8309542887565653,91,485446.15
1943,4,4,38,8.32,9,8.74,3,81,-1.0197601853814635,53,576393.02
3084,3,3,45,20.92,3,4.4,2,296,0.9121523959767788,46,616115.18
656,5,4,34,7.65,7,8.67,3,179,-0.7219945397367117,30,348491.66
2799,4,3,43,24.1,1,3.18,1,118,0.2242893994169245,95,561444.94
2029,2,3,43,8.28,6,6.57,3,225,-1.2729524287397325,4,447661.19
2686,4,2,39,4.37,6,9.34,1,516,-0.6444557648827163,29,620755.81
2523,4,1,25,8.04,4,3.32,0,334,-0.6762466973636153,14,566613.87
1853,2,1,4,15.37,10,7.24,1,493,0.8985552801426162,86,437341.36
1495,4,2,0,6.99,9,9.89,1,548,0.8007191216696554,48,484622.83
2419,5,1,10,5.58,1,2.36,2,541,0.2768197293308208,92,622339.08
1006,5,3,21,30.25,3,1.8,1,210,-1.3504214180553855,66,327492.45
2293,4,4,37,11.89,3,7.07,1,526,-0.31163943394972,56,554586.27
874,4,4,22,13.27,9,4.06,1,545,-0.746116482942726,52,361160.27
2484,2,2,1,2.88,6,1.64,1,575,0.869675756694491,21,620954.58
2423,4,4,10,13.15,8,5.28,2,210,1.1781848528171845,56,730453.04
844,2,4,48,10.0,9,7.78,1,137,1.056385586030883,68,269763.78
2796,3,4,49,21.76,8,3.57,3,350,-0.7552194194170205,96,685661.03
1805,2,2,18,7.98,1,4.02,1,559,-2.739533122289479,55,385724.56
2881,2,2,40,31.2,2,8.61,3,540,-1.7669618981300543,93,477361.82
720,1,4,35,32.61,4,5.68,1,342,1.4216269780822084,94,120617.64
1120,5,1,46,4.39,4,8.58,0,89,-0.4012549393198239,52,317921.53
2032,1,2,44,4.65,8,5.02,0,253,-0.7507246182651125,44,480960.35
1145,1,1,31,4.92,2,9.58,3,428,1.642660293436234,15,201388.76
1556,5,4,19,22.07,4,6.86,3,336,1.2651599454883269,27,420072.7
2515,3,3,31,5.15,3,2.04,0,207,0.02444872191978665,88,609293.35
1019,3,1,15,29.98,2,8.97,2,205,-0.2934030910639739,14,136902.03
2565,4,1,17,26.65,2,5.4,2,35,-0.13210121281312523,40,520532.03
899,2,3,30,28.87,2,2.27,0,173,0.22716279838746606,70,254083.12
1108,1,3,28,18.89,6,2.37,1,401,1.600047281319608,24,336961.25
2304,4,4,29,34.89,5,7.19,2,144,0.4224674242372267,97,518781.7
2901,1,2,19,2.5,5,1.43,3,596,0.7260290330391413,65,684771.82
1094,3,4,20,14.64,5,3.58,3,49,1.1692701090701714,3,329579.18
1469,5,2,0,12.01,8,2.26,0,353,-1.169676001024419,25,496223.84
3282,5,4,30,33.25,9,4.97,0,297,0.7548618924740429,74,802288.82
3470,2,1,28,20.61,6,4.73,1,499,-0.29456875466161137,86,671539.1
2285,4,1,46,28.41,7,5.7,0,532,-2.516095195772766,92,460267.7
1896,4,1,25,6.79,8,3.52,2,326,-2.128169541985812,85,549605.74
1605,3,2,23,34.27,7,1.29,0,378,-1.0181176115186856,8,366729.84
2376,1,4,3,17.95,2,6.53,0,419,0.5312232285925814,73,451843.78
2313,2,1,9,17.78,10,4.36,0,312,0.11379956534029644,11,564552.15
1454,4,2,16,34.01,2,6.86,1,110,0.184366707175664,8,261776.76
666,5,1,18,13.94,5,1.98,3,257,1.950943482686692,69,300228.54
1039,1,4,18,14.52,7,1.12,0,144,-1.2690896148598123,48,331718.22
3379,4,3,19,20.88,5,3.23,3,278,-0.027433354183723595,65,794665.01
1812,5,4,38,5.35,3,5.11,1,369,0.3044355228138156,85,510469.86
1998,5,3,6,11.92,10,4.55,0,125,-0.7362731165383355,7,635805.7
1954,3,3,16,7.57,1,8.29,1,149,0.028326745082940964,53,448126.65
2869,1,4,8,4.51,3,4.4,2,493,-1.599949334084345,83,656800.01
788,2,1,15,30.45,10,5.77,0,226,1.4099062172750279,44,219090.66
839,5,4,34,21.04,8,6.34,0,119,-0.6816145525304338,52,351709.26
1399,5,3,2,13.19,1,1.2,3,427,2.031400164778503,50,478283.95
2011,4,3,16,14.89,8,5.64,2,429,-0.03247432391745505,90,571376.16
2546,1,2,1,15.67,10,4.1,1,495,1.0280535653991831,5,631290.19
2023,1,4,47,22.53,1,4.79,3,455,-0.05330286899115438,87,353690.24
1879,3,2,36,32.51,5,1.9,3,595,-0.03074383226052982,81,401757.92
3319,3,1,12,32.71,5,8.05,1,344,-0.5840293332220078,81,639441.69
1066,1,4,9,14.31,2,9.48,2,172,0.11912392936627762,41,247862.55
2258,4,1,4,12.19,3,1.2,0,517,0.31799869441404743,52,575761.46
2172,3,1,23,16.34,2,6.41,1,158,-0.7842585089151799,37,435397.36
1973,1,3,37,20.31,2,7.87,2,174,-0.1250444158598842,25,343068.08
2942,1,1,29,16.7,5,3.56,0,497,-0.6100988660571137,87,590644.3
1374,3,4,44,23.4,5,8.09,3,528,2.2996640696148387,51,357523.72
3365,4,2,17,19.85,3,6.69,3,203,-0.08973076991161853,72,729831.7
1561,5,1,13,11.9,3,9.36,1,437,1.5452321516965593,10,384214.55
2180,3,4,23,12.75,2,9.83,1,553,-0.19562233080768832,79,505015.82
2109,2,3,10,13.87,8,1.38,0,479,0.25928764153490796,66,584114.52
3064,5,2,48,4.22,3,5.0,2,2,-1.3213640716452693,99,716983.4
1872,3,3,9,6.65,10,5.92,0,398,-0.44707259186786463,14,580433.2
1425,2,3,23,25.59,6,2.32,1,101,0.21053467078924676,54,370842.17
662,3,1,26,14.23,9,4.03,2,507,1.5860038309598667,51,272575.2
1654,1,4,2,8.29,7,9.89,2,40,0.22198277767627117,54,454308.77
2996,2,2,23,20.13,3,1.15,2,595,1.3837203611929991,6,701147.36
628,3,3,22,26.69,7,5.07,0,106,0.6407291102029202,47,216497.12
3198,5,4,12,9.75,3,8.58,3,252,1.6274013394646858,30,764693.87
2174,4,3,6,29.11,2,3.92,2,140,-0.059042217305055426,62,483479.87
1006,4,3,2,32.54,3,5.32,3,488,2.390222710651804,23,277565.5
1476,3,2,0,21.31,3,9.8,1,236,-0.485396202914123,44,354338.24
2206,1,1,24,23.74,2,5.27,3,446,-0.766461834197669,62,368287.72
1515,2,2,4,2.79,1,2.18,1,40,-1.2100528496890341,7,384142.99
914,5,4,47,33.15,10,1.47,3,271,2.3310246715580702,78,350429.68
2531,1,3,12,14.34,6,9.51,0,546,0.8194475726178976,71,506011.71
2549,5,2,32,32.41,5,3.39,0,556,-0.33412073338030845,6,521437.0
944,4,4,33,20.69,10,5.54,2,125,1.249022696873495,7,401340.12
1415,2,4,24,1.16,3,1.82,2,236,0.687692185117782,85,506284.43
1307,4,4,44,2.31,5,4.81,2,245,1.9661274713755903,29,430858.03
2512,5,2,5,24.13,9,9.37,1,339,-1.5478328327399113,86,583774.05
2717,1,3,11,20.13,7,5.52,3,322,-0.26536010831425455,50,630088.99
2708,1,3,12,1.9,4,9.74,1,63,-0.46252138394282544,34,553312.88
3322,4,2,6,26.28,3,3.33,2,457,-1.9736826764086015,28,748777.67
2829,5,2,14,29.97,1,5.54,3,135,1.060327204779694,66,578234.27
1529,1,1,15,17.88,1,8.74,2,188,-0.2703965558033584,11,223440.61
912,4,2,38,16.84,2,5.03,2,504,0.7396312049865622,40,243949.06
2382,1,3,15,1.19,8,3.52,3,413,2.3597719343296117,35,660815.42
3256,4,4,43,27.75,7,8.7,3,237,-0.3532436918276083,16,697213.48
3427,4,4,38,12.24,5,4.51,1,547,-0.4211529826571552,35,780975.88
1267,1,1,45,30.88,8,5.78,1,236,0.11866416972399602,53,223821.21
1285,4,3,5,13.68,2,9.79,0,339,0.9872473529834096,68,293581.62
708,5,1,49,20.21,3,2.68,2,147,-0.5667130253101499,9,234474.79
1009,5,3,30,10.19,4,3.71,3,109,-0.6309615971321306,87,339204.84
2209,1,2,49,6.46,10,1.28,1,294,1.0571892702413659,87,555114.96
2185,2,2,17,27.35,7,4.53,1,337,0.37863932383803556,69,500433.63
1675,2,3,47,17.88,9,2.8,0,483,-2.0447282630048207,92,450692.21
1498,3,2,29,19.24,3,7.12,1,234,-1.2253917994691081,43,330986.01
3006,1,4,3,33.82,9,2.63,0,537,1.5012358638272103,82,673257.86
1934,5,3,20,33.76,1,7.07,3,364,0.4019282830788125,72,439941.65
2943,4,4,6,30.09,3,3.37,2,42,-0.762195931037249,56,688516.48
3393,5,3,47,7.38,6,4.2,0,443,-0.17040965723498214,18,820179.53
1519,1,2,15,21.21,1,4.14,0,344,0.013236672801670204,56,296241.64
1187,1,4,11,30.86,9,7.45,3,233,0.7357333602801638,90,340956.59
3363,5,2,27,13.73,9,5.2,3,280,-1.3582633948587894,98,828458.41
2441,2,3,21,4.44,6,4.25,3,181,-0.8409491386704581,45,587964.53
1443,4,1,4,28.57,4,8.67,0,368,0.27295575486338886,25,315840.05
2403,5,1,40,17.38,1,6.15,0,340,-0.09983458049545033,75,493092.23
2093,1,3,42,20.19,7,2.92,0,268,0.5718591826367099,8,486872.8
3226,1,1,37,34.39,6,9.1,3,171,-1.2295073973595978,15,510658.97
1342,1,4,30,21.65,8,4.08,3,239,0.3571286762713211,56,353272.22
3475,1,4,20,15.45,7,1.35,3,298,1.0915836193774722,99,816348.51
3314,1,3,27,13.58,2,5.45,0,283,0.4868185471492834,33,626156.83
1124,5,3,26,15.2,2,2.12,0,185,0.13911173976159188,44,310915.96
1077,4,3,8,5.03,8,3.15,3,349,-0.09588360256597088,32,488870.7
2146,5,1,4,28.02,2,7.72,3,135,-0.8348511527715018,44,411239.43
730,5,2,12,29.48,10,2.18,2,300,-0.07199859243978847,1,339168.59
1466,5,2,22,10.67,2,8.26,0,72,1.259705852880406,59,399451.03
1861,2,4,8,11.33,8,9.43,0,283,-0.11902850660012523,60,533872.98
3411,2,1,5,30.73,10,6.46,0,470,-0.8898039893484101,32,675533.59
3477,5,2,42,1.81,5,7.39,2,490,-0.4922470887653863,27,795260.21
1039,2,2,18,18.7,1,7.42,3,416,0.20085029727593015,76,210247.56
3185,1,1,29,16.76,9,9.94,2,447,-0.37351399718084694,19,673274.67
863,4,1,26,24.46,2,4.07,1,39,0.4853032830631407,5,193046.28
2770,5,2,36,6.56,6,2.47,3,204,0.5228437607490304,5,716735.9
3052,5,1,36,23.72,10,5.67,0,392,0.8889831804046482,88,748532.14
3183,5,1,14,13.81,8,5.8,3,480,1.4235594722650329,37,777995.27
1247,1,2,42,22.04,1,2.6,3,349,0.9958587243723608,11,241763.04
3190,4,1,18,2.36,9,6.52,2,512,-0.9342390641479599,88,762875.43
936,5,3,41,16.7,2,1.13,3,163,-0.9035344465762722,15,326335.18
2104,4,1,20,18.76,8,9.35,2,92,-0.07577147645982442,34,458524.08
1961,5,2,5,8.29,7,3.38,1,51,-0.4511753572394145,3,577771.16
1516,5,2,38,5.75,3,1.36,1,349,-1.1383267269609427,68,480083.03
664,3,4,1,7.41,5,1.97,3,399,-0.44169179417299426,70,366195.37
2838,1,3,38,12.7,2,3.16,2,171,-0.474512933619039,75,557424.36
1573,3,4,2,4.29,10,3.47,0,470,-0.6718477397612058,27,558416.26
2518,2,2,10,33.21,3,1.3,3,443,-0.3157894861550056,33,512104.6
1789,1,2,30,14.77,4,3.51,0,216,1.178450850318331,93,379854.83
1683,1,2,47,28.5,6,2.74,2,143,0.19923804124923924,82,357418.91
3170,4,4,20,34.13,7,4.41,0,445,2.4718090760554694,4,647166.33
873,3,4,6,3.74,6,4.47,2,402,0.17050818601964934,69,375649.97
2736,3,4,11,23.16,6,4.05,1,102,-0.29006577393725175,81,654971.41
2765,4,4,44,30.63,6,3.95,1,153,0.004132882654866092,56,614509.42
1701,3,3,36,22.56,9,1.81,2,291,0.25649197844354,64,500306.41
1361,4,3,5,15.59,4,1.23,3,306,0.43525395717106363,1,464705.51
615,1,4,19,15.66,9,2.82,1,99,2.0767113258590237,3,281276.3
3316,5,2,13,2.22,8,7.81,3,569,-0.8453204649775686,4,840876.67
3348,3,2,8,19.18,10,9.92,1,233,0.8590460581777356,16,741288.46
1298,1,4,42,34.78,10,9.36,0,228,0.20775059761412384,99,295724.56
692,5,2,30,33.6,8,5.54,0,36,-1.5710977425706176,63,226231.8
955,4,1,8,2.37,3,5.79,0,525,0.7706987820947633,78,316624.83
796,1,3,32,25.0,8,3.83,2,141,1.2676235608039048,30,244185.56
3010,1,2,20,11.26,8,7.97,2,592,-0.8571764037774298,93,689772.77
3186,1,4,3,31.7,3,7.88,1,297,-0.008933867891970693,20,580066.29
1044,2,4,22,2.53,7,8.6,1,524,-1.7253542620077036,90,382523.17
2765,1,2,9,32.82,3,9.06,3,107,-1.2588064596843365,4,496573.49
1119,4,3,12,29.47,6,4.91,2,99,1.0480295776172526,3,341279.14
1664,3,4,43,5.0,8,7.9,0,480,-0.4664165060074345,8,468812.03
2338,5,3,35,3.03,2,8.26,0,491,-1.1088029749380393,79,548560.66
2687,4,1,6,29.38,4,3.78,1,325,0.22946036445842968,26,568114.42
3136,4,3,42,6.3,8,9.36,1,19,-0.5224124314310232,45,752374.0
729,3,3,28,19.19,5,1.85,3,566,-0.4708216577755361,47,296372.25
1169,1,3,43,32.14,10,9.95,2,235,0.7393260256749032,79,248482.24
1413,1,1,37,20.29,1,7.93,3,561,-1.1617333589343466,35,174156.41
1499,4,2,16,14.51,8,1.84,2,522,-0.9053652126818322,1,477351.75
3494,1,4,26,16.13,9,6.91,1,510,0.15407999214886864,39,818781.17
2854,1,1,26,3.15,10,1.31,2,413,0.9694097907482053,29,707215.36
1529,2,2,35,33.94,2,7.93,2,403,1.2381603014898497,73,206526.7
3418,5,2,12,11.56,10,8.19,2,319,-0.665061720361623,75,891275.48
2047,3,1,16,7.44,4,6.42,0,14,0.9373769669196479,10,471653.21
2052,4,1,12,10.73,4,8.71,2,232,-0.7841422934704089,79,494252.87
1857,3,2,14,33.79,4,1.88,1,438,1.8262093469068,7,408079.82
1017,1,4,8,4.21,7,3.48,3,487,-1.1337710254197284,62,391282.17
3309,2,1,1,30.49,7,4.73,3,335,1.328478810791731,39,681915.34
640,1,2,47,25.07,5,1.38,2,425,-0.6564861068187239,30,124166.55
1105,4,1,3,29.22,1,5.03,3,13,2.0132464547946003,48,248717.81
1266,1,3,44,34.18,10,3.39,2,281,0.5913207288524843,31,318712.83
1409,2,2,0,29.63,3,4.53,0,304,-1.016016529408222,79,337054.58
982,5,4,38,33.07,1,4.83,2,535,-0.5222384795425068,96,255514.98
652,3,3,16,5.32,6,8.91,3,186,0.7811812052237417,81,227227.57
2565,3,4,25,28.06,5,3.43,0,137,1.0526444176155614,44,568914.36
3410,3,3,14,19.55,7,9.04,0,211,-0.07071559172446261,50,795234.6
953,4,2,24,19.48,9,4.83,1,102,0.044658280963466405,45,372973.16
1459,2,4,22,31.56,1,3.95,3,335,0.7583530326440655,79,280957.78
2068,4,2,26,34.04,3,5.52,2,385,0.13179842701081995,55,433617.66
3289,5,4,19,24.96,6,4.76,3,480,-1.2935048593383758,47,778229.66
2613,3,4,26,17.42,8,3.32,3,583,-0.8129740246401806,41,651440.81
2821,3,3,41,16.52,7,5.52,2,44,0.23511994315166507,38,633898.77
2285,1,3,21,14.14,4,2.37,2,148,1.2154824164976936,55,518344.16
1809,2,2,18,13.29,7,4.17,1,180,1.6159824241620477,69,416331.11
1179,5,4,6,14.31,10,6.09,0,149,0.7795294207714503,43,460184.02
3106,3,3,17,4.05,5,4.72,1,496,0.28729076103636375,80,744235.39
2931,2,4,6,3.63,9,8.42,2,83,0.748813885982477,82,734686.67
672,3,2,9,27.52,8,3.31,0,17,-0.6667508502068556,43,267124.28
2674,3,4,47,16.17,4,9.73,0,516,-0.15323096025821417,90,509580.29
844,3,2,4,32.64,3,8.06,0,576,-0.8241307213394766,18,188104.84
2743,4,1,24,21.82,8,9.71,2,135,-1.2487426107077115,93,567206.02
2995,2,1,41,2.2,3,8.54,3,199,0.33354901163620493,30,629796.36
980,4,3,47,6.36,4,2.28,3,301,0.1855133065847436,56,318938.04
1858,3,2,7,8.0,3,5.74,1,315,0.6876524845090128,29,432846.14
958,5,1,8,34.18,7,2.53,2,594,0.5461118308924472,44,343002.27
2245,1,2,18,8.44,3,8.36,3,242,0.24264427132386202,34,496229.83
3289,1,3,27,18.54,7,6.26,2,7,0.5566166656775543,70,687350.08
834,3,2,47,32.83,10,3.37,1,253,-0.04268309622747663,9,273592.45
1752,3,4,10,34.22,9,9.37,1,333,0.4128913952224006,83,433694.42
3422,4,4,8,9.04,10,2.04,2,310,-0.7261444026863596,90,910420.04
1472,3,3,12,2.67,1,6.07,1,307,0.3697059256391301,56,378015.54
983,5,4,43,6.22,5,7.49,3,553,0.6684176852860094,55,350498.26
2016,3,2,1,3.15,3,1.53,3,484,-0.6696814280722031,70,534725.25
2074,1,1,19,7.63,10,6.38,0,151,0.05183209899284673,20,511250.72
2522,1,1,5,20.33,8,8.34,2,213,-0.6236025096293596,75,495221.55
1509,5,4,7,32.02,4,1.61,1,400,-0.5265066965161149,22,459448.85
3371,1,4,45,19.27,6,5.61,2,246,-1.1249293551021546,67,650251.43
2110,5,3,0,22.28,7,3.33,1,257,1.2657749251665555,31,616343.58
1430,2,1,16,7.86,5,6.97,1,100,1.0656851747200478,74,331942.94
3384,1,2,45,28.22,5,2.07,1,152,0.5374338542273371,79,662709.39
3281,2,1,30,22.0,1,9.43,0,444,1.972195951943814,21,538130.97
2047,4,1,3,30.38,5,9.05,3,505,-0.18924569656839169,62,473034.57
672,3,1,23,33.26,4,2.67,0,470,3.0317624151106344,50,138668.83
2331,4,3,48,12.83,9,3.91,1,184,-0.22752941536322038,30,622496.58
2210,4,1,20,4.08,9,6.29,0,81,0.25519335175601643,59,573354.82
1029,3,4,26,8.68,8,7.46,0,95,-0.39777791394020817,99,356299.87
2438,4,2,26,15.89,1,4.98,1,236,0.372325560060305,1,510484.39
3038,5,2,33,33.15,9,2.41,3,310,0.8356149278862445,95,713098.54
907,3,3,9,13.86,4,1.94,3,535,-0.11391639305308393,85,318522.43
2697,1,4,41,27.21,5,10.0,1,539,1.7767198471176207,53,446155.07
1006,3,2,49,19.38,10,5.1,2,1,0.23914928463346072,61,265068.3
2771,5,1,7,7.22,9,8.85,3,424,0.2704853861101991,37,704139.34
1815,2,1,40,11.9,1,5.34,0,179,-0.9089976945137175,13,338825.35
618,5,4,40,23.21,4,9.3,3,118,0.4184990745503845,57,183758.54
3402,3,1,37,23.88,8,1.79,0,333,-0.1340272208093656,81,693062.93
1081,4,3,18,15.78,6,2.03,0,20,-0.6082397293372869,23,432492.46
2328,2,2,23,8.77,3,9.37,1,200,-0.7764744081483639,71,447902.6
1126,5,4,41,25.54,6,9.53,0,331,2.671763379756685,75,321318.15
3305,1,1,7,6.74,9,3.83,3,163,-0.2634772501790354,76,786453.93
2741,2,4,41,32.85,3,4.2,3,356,-1.4569854207812678,34,547240.15
2932,3,3,46,7.39,8,5.07,1,276,-0.6982214597325725,39,664319.14
1853,3,2,34,4.65,8,4.75,3,479,-0.051567839476213594,42,527686.51
1955,3,1,17,17.92,9,2.71,3,108,0.546667032616485,85,495230.32
2439,1,4,27,18.66,3,9.09,3,34,0.5547965217253135,90,531065.95
2875,2,2,2,18.28,3,3.28,3,317,0.6766145517765254,41,584532.12
3056,1,2,46,15.85,6,7.35,2,154,-0.6448603066373296,97,557906.99
651,3,2,17,34.82,6,1.6,0,424,0.34044044350154545,57,184582.98
2524,2,1,2,17.53,5,1.35,3,55,-0.8760594641105784,39,550658.49
916,3,2,39,17.25,8,6.88,2,345,-0.6196429830140117,1,320739.85
1435,3,1,32,15.34,8,4.05,3,593,-0.9177089745002595,61,473437.2
3005,4,1,31,3.27,3,6.9,3,55,-1.1883888545982695,64,649921.27
1326,3,2,2,21.16,8,1.85,0,181,1.0642094888580087,96,387731.42
2910,4,1,37,8.75,3,9.55,1,506,0.6886117009788877,72,529973.86
1942,3,2,31,22.68,5,7.74,0,320,0.9766653699781299,3,392057.28
1274,4,4,39,2.73,1,8.89,0,104,0.03931306602429631,57,322293.86
1569,4,1,41,34.37,4,2.23,3,127,0.7768076988651466,74,323096.6
2139,2,1,10,16.95,10,3.88,3,458,-1.761289404642545,50,568805.38
2818,2,1,10,31.49,5,4.32,3,516,0.8630875180453551,43,571216.33
2357,4,3,46,17.17,8,5.83,3,216,0.1771198300050302,81,604164.08
3306,2,2,26,3.05,2,3.67,2,284,0.6271096001491656,61,693679.88
3116,3,2,21,28.96,7,1.55,2,469,0.38002329904861315,68,671457.45
2784,1,1,14,23.04,4,4.32,3,106,-0.9870551545368866,46,552717.83
2349,3,2,31,27.58,8,3.29,2,123,-1.4980397753910466,28,548268.84
1440,3,2,37,15.56,10,4.47,2,464,-0.7120541661829632,52,462886.94
1796,4,2,0,22.69,6,2.77,0,111,0.5649172812729122,95,510018.89
944,3,3,27,30.11,2,3.36,2,462,0.6900914151753954,60,192894.95
1685,2,4,49,22.46,5,6.64,3,298,-1.3679422773818628,71,336850.44
3286,5,2,14,12.82,2,4.49,2,594,-0.9810993674682146,13,730639.48
1835,3,4,14,23.53,5,4.11,1,19,-0.7232356859408393,98,441976.36
